docs/marketing/voice/voice-platform.md	**Layer 2, the judged axes**
docs/reference/typography/README.md	**2026-07-13: size is now a FIXED, hand-authored table**
docs/reference/CHANGELOG.md	**All 288 travel hexes are now the exact render of their own oklch**
docs/reference/CHANGELOG.md	**7.159**
docs/reference/CHANGELOG.md	**plugin-free native-import cascade can be tested by hand**
docs/reference/CHANGELOG.md	**inlined**
CHANGELOG.md	**`ultimate-tokens-reviewer`**
CHANGELOG.md	**per plugin id**
CHANGELOG.md	**1.125**
README.md	**Config**
docs/marketing/voice/voice-platform.md	**"we"**
docs/reference/geometry/README.md	**one rule sampled six times**
docs/reference/references/decision-records.md	**repo README**
docs/reference/references/decision-records.md	**~20% larger before even adding an HTML shell**
docs/reference/reviews/2026-07-17-librarian.md	**`family/voice/{voice}`**
docs/tickets/tkt-0007.md	**Neutral is derived**
docs/site/storage-and-sync-spec.md	**hosted-MCP use**
